PokerStars,Party
joaoMathias,TDurdenWAR
C. Darwin2,Hellmuththegr8
grinder1992,hitaremchok
INeedMassari,joaosimaobh
Lena900,tjeeeena
pads1161,tiote22
1_conor_b_1,LarryErbs
Greenstone25,SLARVBOGMAJS
mrAndreeew,bushuset
veeea,deepsee
prebz,prebzzz
EvnomiYa,EvnomiYa
TanTanSWE,P0L4R1C3
jbrown8777,MrsPaintba1l
PKaiser,JokerzFull
Moorman1,Moorman1
philroyal888,PhilRoyal888
Jays94,TheRepoMan86
progre69,elsampa69
g's zee,s_dot111
p0cket00,p00cket00
Dynoalot,dynoalot
ekziter,ekziter
mjw006,mjw_006
Sasuke234,SODA1RA
antesvante,Antes08
Banicivan,Plazya7
JWPRODIGY,JWPRODIGY
Ship It 2010,lizzybeano
Eijseijs,abcpoker911
GM_VALTER,GMVALTER9
Big Huni,thebattler33
DeosOner,Justice_Rat
MiracleQ,MiracleQ
robinho,petdet3ctive
eisenhower1,FergieTime5
1bigacehole,randyB0bandy
42ayay,Lena900
tonkaaaa,brooooooooooo
greengrass67,atlasshrugged
Perrymejsen,frokennatur
gnetaren,Sheater
pappadogg,Gl4diat0r
poker@luffyD,luffynated
jonaj10,jonaj10
NikolasDLP,BetinOleg
hello_totti,nicecallLOL
cbart_05,BustinDaNut
bparis,sir-limpsalot
gusmaa,illcallyou4ever
$uperdecay,CANiwinsmhHERE
UhhMee,UhhMee
theclaimeer,theclaimer1
aJarov,aJarov
nizmo jiz,VolZoK_
elmerixx,wellyxx
apestyles,sordykrd
rodckz,RMotoki
hneves182,joaotreta
teckidtq,good player
dartazzzz,dartazz
shipitftw911,zupsherlock
ivanvilchez8,ivanvilchez8
samsquid,sammy_squid
MendaLerenda,OMGMenda
NukeTheFish!,xxPartyboy69xx
Igorkarkarof,Igorkarkarof
FouEnculePL,pesosparapapa
x_zola25,x_zola25
hoegh93,hoegh93
normannolly,normannolly
bedias,be_dias
sngwonder,ows86
Die Ventura,dieguiito
PaDiLhA SP,zidanilo20
psyhoagromor,glebkovtunov
littlelettus,sadlettuce14
ksieciunio97,Stasiekrebuy
JIZOINT,chazcombes
Kozir,kozirok
Vocaaas,vocaaaas
ratajpoker,ratajdonk
norfair18,aggr0vated
icenigel,icenigel
jdtjpoker,Grey Area
agnik80,MincePie
floppinhel,floppinhel
Fred_Brink,Brink82
DBerglin,DBerglin
OMGACEACEACE,Barron1899
22ehnutzz,Quatroe3ehflip
10Badboy10,LetAPlayerPlay
IMFICKLE,JeansssRun
jknack10,jknack19
i need sheet,ineedsheet
fabregarp,kurtlundmark
Egor699,Omfg72oAgain
danistheking,luckyscrote
smokrokflock,donzledurbru
elliottpet,ch4atsftwx
KJulius10,KPitts34
funwheel,strangejelly
deyrzuited,Jaymooo
selinantis,tunantis
susie00,TheBadgerBoy
t8ofdiamonds,wookgweenwood
KungKroon,KungKroon
zcedrick,nomoneynoglory
Wazaahun,Wazaa_nutz
goa1908,goa_1908
heyalisson,heeyalisson
vitinhorrn15,RonaldoAngelim
surprisefirm,surprisefirm
M_Acevedo,AcesJoker88
nl_profit,nl_profit
iAct.VolanD,hearmeroar
julioassp,julioassp10
flong78,flong78
remi lebo_10,KolinkovskiyP
luckymo32,qalgt
FaNjkEEE,AArtemkAA
Joao Valli,coroderAAto
selouan1991,selouan1991
Ravishka,Boogleman_1
Akkerx,AkkerPP
philbort,philbort
RcknTheSbrbs,Thats_A_Chop
g1or1z,gior1z
Blimschen,blimschen
Duraircwb,TheDr.3
CHELitw,CHELitw
YukoEgawa,LebleuPetit
ihavenoclue1,ihavenoclue123
Vitorbrasil,Vitorbrasil
rounder63,Hooodflatter
Sajanas171,pyxlius
bfizz11,rocky117799
ArielBahia,Arielbahia
ccoonnoorr,hammmmers
pokerjamers,baileygirl09
UncleAnte9,Dustyourfish
MrNorberto,mrnono88
ZeelandBoy,ZeelandBoy
philipoo,philipo111
$trategema,pleaseITM
luckyrunrun,RunThisGame
McNallyville,asianrubntug
Plattsburgh,vengmoney33
SlowDoke,okearney
Clarkson7,bust0baller
DannyN13,DannyN13
Kuconi,Kuconi
Jermz,Halloween
JEKAAA7,Thnx7
z?ax,OMGpourvu
YerSoLucky,YerSoLucky
blindrazorjj,Rogue_Str8
deathNtaxes2,GuideAA
Cabe?a Tilt,CabecaTilt
PhilLaak3991,NeVeRLuCKyGG
RocketMaro12,MrLotrzyk
Denman98,Denman98
Zeruka,zeruka
Al Magellan,Al_Magellan
FishOnHeater,FishOnHeater
nsmirnov,nsmirnov
lefebvre1101,guwopp
moumaife84,brogba84
impeccab1e,big_mick00
LeoAlcantara,leowwf
Tamiam122,TEECRAMES
alexMFNb,BYLIA
samuelbt,jokerstarsdegen
C.K.,ckruel1
Mpa3yka,Mpa3yka
Brauliocsp,Reggaedibaralho
10PJam,mrligz
Adreny,Adrenyy
drbones666,dr_bones666
AS Leshiy,AS Leshiy
Tr!pleeeee,ByleDoFT
Onadownswing,worm_jr
Dollysz,Dolllysz
KidVegas11,DegenDon
shakentoucan,shakentucan
cocoojones,cocojones1
Thanilo,thanilo1
DamoWain,UveBeenStakt
jenbizzle,jenbizzle
pokanuktus,pokanuktus
sox[tyol],SokyrkoDima
bally29,gavb3177
mmg.mamed,mmg.mamed
89rhino89,rhino89
Karan Radia,donradia999
Eat_U_Up_ha,Jointsmoke2
dodi papa,dodipapa
anmols,bemyfriendpls
Elf Kicker,Elf_Kicker
south2,TsimFukk
steinisancho,touchsancho
dan.almeida,ToninhoDzi
nikas3274,Nikas3274
thi_cortes,thi_cortes
Gags30,ned_plimpton
liamkid,liamkid
chipsxxx,xROSE_KIDx
GripDsNutz,upstairs98
VibizSbrissa,VibizSbrissa
chisna,vt_chisna
Salsicha,DedoDeGorila
tdr01,tdrO1
PearlJammer,PearlJammed
Scouse_AA,TheScouse_AA
Br1ngCabbage,BringCabbage
bubbleboybr,bubbleboybr
mczhang,mczhang
Slaassh,Slaassh
vinifenomeno,viniciustele
tnapoleao,dinovaldo
Papszi17,nopallELIT_WHY
spektah,spektah
leobello,leobellobr
jatekos22,PallakePzl
kurcuga666,AshTheSlave
shtruddle,schtruddle
tgassen,tgassen
orgi3000,orgi3000
DaCus3,DaCus3
coloradoall,escossi
m1rono,m1ronO
heidi-bean,bet1time
LukeN73,LukeN73
BizBills,supanova99
hawkx1984,Muller1984
Palsgaard1,Palsgaard93
Laois Hammer,TheJetSkiFund
angrymoron,angrymoron
StaceOP,Staceop
theginger45,theginger45
aakkari,andreakkari
texaszanardi,wpszanardi
AJPokerpro,AlexJ09
Dieferson09,Dieferson09
My Brim Low,mybrimlow
Queissojovem,queissojovem
bullyon,bullyon111
Zanetti89,Zanetti89
shamrocker92,shamrocker92
DSMaverick,DSMaverick
smertvich,RedBullJager
Csabesz3,CSABLPAPI
fournn,softcotton
barcs69,barcs69
chickenmelt,andyoungers
garyt20,garyt20
jambeyang,jambeyang
langace66,untaktik
T0X16-,T0X16
assel007,assel00
starwins :),dansternald
nandinhojah,nandinhojah
panpankracy,panpankracy
arturr2r,arturr2r
LBBigSlickak,AlwaysHiiigh
dampfnudel77,h8rsgonnah888
stsnitro,BotBeatDonk
SpaceBonyiga,SpaceBonyiga
TranquilMind,TranquilMind
swansfc_CJ,swansfc_10
otter8759,muchofkingusto
luisdono,luisdono
SergeyRusko,SergeyRusko
yarik1903,yarik1903
Mannyy12,Many122
dismarc,dismarcdisma
FerDJin,Fkupsik
kartrid,kartrid
Padjes,BrEeZaSlEtjU
Ninemil,claymation4
edwardhopper,InterceptdAtTSQ
Charliegore8,Charliegore8
thegrinders7,MumsPengar
mexican222,mexicanos22
JIM_BALLAS,JIM_BALLAS
joslopgon,joslopgon
77portuga,portuga7777
ale kmkz,alekmkz
marktb,marktb111
rodrigorpv,rodrigovalente
jacob126b38,wudsikurdukk
fuddebuf,fuddebuf
aaronsonneve,MisterAaron
Machadada RS,BernardRocha
aces_up4108,aces_up8216
kcruse11,iamfavored11
FellipeNunes,FAN737
Tunaru,Tunaru88
